Name,ImagePath
person1,images/img1.jpeg
person2,images/img2.jpeg
person3,images/img3.jpeg
person3,images/img4.jpeg
person3,images/img5.jpeg
person3,images/img6.jpeg
person4,images/img7.jpeg
person4,images/img8.jpeg
person4,images/img9.jpeg
person5,images/img10.jpeg
person6,images/img11.jpeg
person6,images/img12.jpeg
person6,images/img13.jpeg
person6,images/img14.jpeg
person7,images/img15.jpeg
person7,images/img16.jpeg
person7,images/img17.jpeg
person8,images/img18.jpeg
person8,images/img19.jpeg
person9,images/img20.jpeg
person10,images/img21.jpeg
person10,images/img22.jpeg
person11,images/img23.jpeg
person11,images/img24.jpeg
person11,images/img25.jpeg
person11,images/img26.jpeg
person12,images/img27.jpeg
person12,images/img28.jpeg
person12,images/img29.jpeg
person12,images/img30.jpeg
person12,images/img31.jpeg
person13,images/img32.jpeg
person13,images/img33.jpeg
person13,images/img34.jpeg
person13,images/img35.jpeg
person14,images/img36.jpeg
person13,images/img37.jpeg
person15,images/img39.jpeg
person15,images/img40.jpeg
person15,images/img41.jpeg
person15,images/img42.jpeg
person15,images/img43.jpeg
person16,images/img44.jpeg
person16,images/img45.jpeg
person16,images/img46.jpeg
person16,images/img47.jpeg
person17,images/img48.jpeg
person18,images/img49.jpeg
person18,images/img50.jpeg
person18,images/img51.jpeg
person19,images/img52.jpeg
person19,images/img53.jpeg
person19,images/img54.jpeg
person19,images/img55.jpeg
person19,images/img56.jpeg
person20,images/img57.jpeg
person21,images/img58.jpeg
person22,images/img59.jpeg
person23,images/img60.jpeg
person23,images/img61.jpeg
person24,images/img62.jpeg
person24,images/img63.jpeg
person24,images/img64.jpeg
person24,images/img65.jpeg
person24,images/img66.jpeg
person25,images/img67.jpeg
person25,images/img68.jpeg
person25,images/img69.jpeg
person25,images/img70.jpeg
person25,images/img71.jpeg
person26,images/img72.jpeg
person26,images/img73.jpeg
person26,images/img74.jpeg
person26,images/img75.jpeg
person26,images/img76.jpeg
person27,images/img77.jpeg
person28,images/img78.jpeg
person28,images/img79.jpeg
person28,images/img80.jpeg
person29,images/img81.jpeg
person28,images/img82.jpeg
person28,images/img83.jpeg
person29,images/img84.jpeg
person29,images/img85.jpeg
person30,images/img86.jpeg
person30,images/img87.jpeg
person30,images/img88.jpeg
person30,images/img89.jpeg
person30,images/img90.jpeg
person31,images/img91.jpeg
person31,images/img92.jpeg
person31,images/img93.jpeg
person31,images/img94.jpeg
person32,images/img95.jpeg
person32,images/img96.jpeg
person33,images/img97.jpeg
person33,images/img98.jpeg
person34,images/img99.jpeg
person34,images/img100.jpeg
person35,images/img101.jpeg
person35,images/img102.jpeg
person33,images/img103.jpeg
person34,images/img104.jpeg
person34,images/img105.jpeg
person34,images/img106.jpeg
person34,images/img107.jpeg
